freq,unit,siec,calval,geo\TIME_PERIOD,2017 ,2018 ,2019 ,2020 ,2021 ,2022 
A,MJ_T_NCV,C0000X0350-0370,NCV_AVG,AL,: ,: ,: ,: ,25208.356 ,25140.805 
A,MJ_T_NCV,C0000X0350-0370,NCV_AVG,AT,: ,: ,: ,27791.671 ,27585.598 ,27840.987 
A,MJ_T_NCV,C0000X0350-0370,NCV_AVG,BE,: ,: ,: ,19995.899 ,20150.621 ,20185.649 
A,MJ_T_NCV,C0000X0350-0370,NCV_AVG,BG,: ,: ,: ,25730.389 ,25151.103 ,24009.095 
A,MJ_T_NCV,C0000X0350-0370,NCV_AVG,CY,: ,: ,: ,26135.000 ,25280.000 ,24302.000 
A,MJ_T_NCV,C0000X0350-0370,NCV_AVG,CZ,: ,: ,: ,: ,19636.869 ,19521.649 
A,MJ_T_NCV,C0000X0350-0370,NCV_AVG,DE,: ,: ,: ,22608.488 ,24178.549 ,21479.039 
A,MJ_T_NCV,C0000X0350-0370,NCV_AVG,DK,: ,: ,: ,24505.532 ,25642.843 ,26266.979 
A,MJ_T_NCV,C0000X0350-0370,NCV_AVG,EE,: ,: ,: ,18204.933 ,24940.000 ,27000.000 
A,MJ_T_NCV,C0000X0350-0370,NCV_AVG,EL,: ,: ,: ,25684.381 ,25299.391 ,26127.032 
A,MJ_T_NCV,C0000X0350-0370,NCV_AVG,ES,: ,: ,: ,: ,: ,25461.813 
A,MJ_T_NCV,C0000X0350-0370,NCV_AVG,FI,: ,: ,: ,14487.969 ,15072.521 ,16309.955 
A,MJ_T_NCV,C0000X0350-0370,NCV_AVG,FR,: ,: ,: ,26294.793 ,26437.321 ,26437.321 
A,MJ_T_NCV,C0000X0350-0370,NCV_AVG,HR,: ,: ,28773.714 ,28977.783 ,26998.585 ,27200.352 
A,MJ_T_NCV,C0000X0350-0370,NCV_AVG,HU,: ,: ,: ,25636.314 ,24637.929 ,23303.492 
A,MJ_T_NCV,C0000X0350-0370,NCV_AVG,IE,27740.102 ,27729.597 ,27838.033 ,27838.033 ,27838.033 ,27838.033 
A,MJ_T_NCV,C0000X0350-0370,NCV_AVG,IT,: ,: ,: ,27555.321 ,28106.217 ,28184.686 
A,MJ_T_NCV,C0000X0350-0370,NCV_AVG,LT,: ,: ,: ,25623.785 ,25526.382 ,25719.298 
A,MJ_T_NCV,C0000X0350-0370,NCV_AVG,LU,: ,: ,: ,: ,0.000 ,24276.272 
A,MJ_T_NCV,C0000X0350-0370,NCV_AVG,LV,: ,: ,: ,24445.963 ,22424.456 ,22313.242 
A,MJ_T_NCV,C0000X0350-0370,NCV_AVG,MD,: ,: ,: ,: ,23669.909 ,24884.000 
A,MJ_T_NCV,C0000X0350-0370,NCV_AVG,ME,9510.000 ,9488.000 ,10325.000 ,10061.000 ,10026.000 ,10101.000 
A,MJ_T_NCV,C0000X0350-0370,NCV_AVG,NL,: ,: ,: ,27653.543 ,27525.379 ,28118.173 
A,MJ_T_NCV,C0000X0350-0370,NCV_AVG,NO,: ,: ,: ,28201.550 ,28201.550 ,28177.544 
A,MJ_T_NCV,C0000X0350-0370,NCV_AVG,PL,23270.518 ,23296.426 ,23336.466 ,23139.744 ,23477.127 ,: 
A,MJ_T_NCV,C0000X0350-0370,NCV_AVG,PT,: ,: ,: ,30518.257 ,30518.257 ,30548.812 
A,MJ_T_NCV,C0000X0350-0370,NCV_AVG,RO,: ,: ,: ,22277.460 ,22403.073 ,22124.218 
A,MJ_T_NCV,C0000X0350-0370,NCV_AVG,RS,: ,: ,: ,: ,14131.874 ,7585.182 
A,MJ_T_NCV,C0000X0350-0370,NCV_AVG,SE,: ,: ,: ,: ,: ,27349.788 
A,MJ_T_NCV,C0000X0350-0370,NCV_AVG,SI,: ,: ,23255.592 ,24636.350 ,27154.656 ,23534.644 
A,MJ_T_NCV,C0000X0350-0370,NCV_AVG,SK,: ,: ,: ,: ,26292.991 ,25921.195 
A,MJ_T_NCV,C0110,NCV_AVG,AL,: ,: ,: ,: ,26059.000 ,26059.000 
A,MJ_T_NCV,C0110,NCV_AVG,AT,: ,: ,: ,28500.000 ,28500.000 ,28500.000 
A,MJ_T_NCV,C0110,NCV_AVG,BE,: ,: ,: ,29618.000 ,29486.000 ,28341.000 
A,MJ_T_NCV,C0110,NCV_AVG,BG,29498.000 ,29922.000 ,29871.000 ,29664.000 ,28680.000 ,25476.000 
A,MJ_T_NCV,C0110,NCV_AVG,CZ,28393.000 ,28000.000 ,26607.000 ,27342.000 ,27482.000 ,26889.000 
A,MJ_T_NCV,C0110,NCV_AVG,DE,: ,: ,: ,29700.000 ,29700.000 ,29700.000 
A,MJ_T_NCV,C0110,NCV_AVG,ES,: ,: ,: ,: ,: ,24740.000 
A,MJ_T_NCV,C0110,NCV_AVG,FI,: ,: ,: ,: ,: ,30080.000 
A,MJ_T_NCV,C0110,NCV_AVG,FR,: ,: ,: ,32322.000 ,32322.000 ,32322.000 
A,MJ_T_NCV,C0110,NCV_AVG,HR,: ,: ,26795.000 ,26795.000 ,27550.000 ,27550.000 
A,MJ_T_NCV,C0110,NCV_AVG,HU,: ,: ,: ,25000.000 ,25000.000 ,25000.000 
A,MJ_T_NCV,C0110,NCV_AVG,IT,: ,: ,: ,27475.000 ,27475.000 ,27475.000 
A,MJ_T_NCV,C0110,NCV_AVG,LU,26700.000 ,26700.000 ,26700.000 ,26700.000 ,0.000 ,26700.000 
A,MJ_T_NCV,C0110,NCV_AVG,LV,: ,: ,: ,: ,: ,27433.000 
A,MJ_T_NCV,C0110,NCV_AVG,MD,24770.000 ,26390.000 ,27284.000 ,25844.000 ,25658.000 ,24884.000 
A,MJ_T_NCV,C0110,NCV_AVG,NL,: ,: ,: ,: ,29300.000 ,: 
A,MJ_T_NCV,C0110,NCV_AVG,PL,28652.000 ,29004.482 ,29040.051 ,28553.799 ,28999.807 ,: 
A,MJ_T_NCV,C0110,NCV_AVG,PT,30359.000 ,30358.000 ,30367.100 ,30359.000 ,30359.000 ,30359.000 
A,MJ_T_NCV,C0110,NCV_AVG,RO,: ,: ,: ,25532.770 ,25532.772 ,25533.109 
A,MJ_T_NCV,C0110,NCV_AVG,RS,25410.000 ,25030.000 ,24792.000 ,25091.001 ,25100.353 ,25085.000 
A,MJ_T_NCV,C0110,NCV_AVG,SK,: ,: ,: ,26072.000 ,26039.000 ,25660.000 
A,MJ_T_NCV,C0121,NCV_AVG,AL,: ,: ,: ,: ,0.000 ,: 
A,MJ_T_NCV,C0121,NCV_AVG,AT,: ,: ,: ,28952.165 ,: ,: 
A,MJ_T_NCV,C0121,NCV_AVG,BG,0.000 ,0.000 ,0.000 ,: ,: ,: 
A,MJ_T_NCV,C0121,NCV_AVG,CZ,0.000 ,0.000 ,0.000 ,0.000 ,: ,: 
A,MJ_T_NCV,C0121,NCV_AVG,DE,: ,: ,: ,29000.000 ,29000.000 ,29000.000 
A,MJ_T_NCV,C0121,NCV_AVG,IT,: ,: ,: ,29385.000 ,29385.000 ,29385.000 
A,MJ_T_NCV,C0121,NCV_AVG,LU,: ,: ,: ,: ,0.000 ,: 
A,MJ_T_NCV,C0121,NCV_AVG,MD,: ,28000.000 ,26892.000 ,: ,28412.000 ,: 
A,MJ_T_NCV,C0121,NCV_AVG,NL,: ,: ,: ,28631.000 ,28631.000 ,28631.000 
A,MJ_T_NCV,C0121,NCV_AVG,PL,29552.000 ,29599.985 ,29592.942 ,29600.181 ,29585.441 ,: 
A,MJ_T_NCV,C0121,NCV_AVG,RO,: ,: ,: ,27501.078 ,27501.575 ,27501.679 
A,MJ_T_NCV,C0121,NCV_AVG,SK,: ,: ,: ,0.000 ,0.000 ,: 
A,MJ_T_NCV,C0129,NCV_AVG,AL,: ,: ,: ,: ,24663.000 ,24663.000 
A,MJ_T_NCV,C0129,NCV_AVG,AT,: ,: ,: ,27658.615 ,28388.131 ,29871.576 
A,MJ_T_NCV,C0129,NCV_AVG,BE,: ,: ,: ,24457.000 ,24343.000 ,24339.000 
A,MJ_T_NCV,C0129,NCV_AVG,BG,24000.000 ,27178.000 ,25421.000 ,23163.000 ,23022.000 ,22224.000 
A,MJ_T_NCV,C0129,NCV_AVG,CY,: ,: ,: ,26135.000 ,25280.000 ,24302.000 
A,MJ_T_NCV,C0129,NCV_AVG,CZ,25484.000 ,26373.000 ,26511.000 ,26509.000 ,26533.000 ,26599.000 
A,MJ_T_NCV,C0129,NCV_AVG,DE,: ,: ,: ,26931.525 ,28657.872 ,28404.587 
A,MJ_T_NCV,C0129,NCV_AVG,DK,26880.000 ,26642.447 ,24170.000 ,24170.000 ,25420.000 ,26031.000 
A,MJ_T_NCV,C0129,NCV_AVG,EE,22000.000 ,22000.000 ,24940.000 ,24940.000 ,24940.000 ,27000.000 
A,MJ_T_NCV,C0129,NCV_AVG,EL,: ,: ,: ,25684.381 ,25808.659 ,26127.032 
A,MJ_T_NCV,C0129,NCV_AVG,ES,: ,: ,: ,: ,: ,23980.000 
A,MJ_T_NCV,C0129,NCV_AVG,FI,: ,: ,: ,24723.000 ,24647.000 ,24849.000 
A,MJ_T_NCV,C0129,NCV_AVG,FR,: ,: ,: ,26000.000 ,26000.000 ,26000.000 
A,MJ_T_NCV,C0129,NCV_AVG,HR,: ,: ,29300.000 ,29300.000 ,26480.000 ,26780.000 
A,MJ_T_NCV,C0129,NCV_AVG,HU,: ,: ,: ,26570.000 ,25697.000 ,25640.000 
A,MJ_T_NCV,C0129,NCV_AVG,IE,27838.033 ,27838.033 ,27838.033 ,27838.033 ,27838.033 ,27838.033 
A,MJ_T_NCV,C0129,NCV_AVG,IT,: ,: ,: ,26506.000 ,26506.000 ,26506.000 
A,MJ_T_NCV,C0129,NCV_AVG,LT,: ,: ,: ,25120.000 ,25120.000 ,25120.000 
A,MJ_T_NCV,C0129,NCV_AVG,LU,24400.000 ,24400.000 ,24400.000 ,24400.000 ,0.000 ,24400.000 
A,MJ_T_NCV,C0129,NCV_AVG,LV,24110.000 ,24220.000 ,24360.000 ,24509.000 ,23894.000 ,23662.000 
A,MJ_T_NCV,C0129,NCV_AVG,MD,22655.000 ,22690.000 ,22543.000 ,22597.000 ,22925.000 ,22700.000 
A,MJ_T_NCV,C0129,NCV_AVG,NL,: ,: ,: ,25000.000 ,25000.000 ,25000.000 
A,MJ_T_NCV,C0129,NCV_AVG,NO,28100.000 ,28100.000 ,28100.000 ,28100.000 ,28100.000 ,28100.000 
A,MJ_T_NCV,C0129,NCV_AVG,PL,22755.000 ,22798.643 ,23144.292 ,22923.359 ,22969.691 ,: 
A,MJ_T_NCV,C0129,NCV_AVG,PT,24915.000 ,24765.000 ,24665.060 ,24665.060 ,24665.060 ,24664.000 
A,MJ_T_NCV,C0129,NCV_AVG,RS,22092.000 ,27759.000 ,26427.000 ,23398.952 ,30319.700 ,26941.200 
A,MJ_T_NCV,C0129,NCV_AVG,SE,: ,: ,: ,27400.000 ,27400.000 ,27400.000 
A,MJ_T_NCV,C0129,NCV_AVG,SI,: ,: ,26196.000 ,27549.000 ,25000.000 ,27545.094 
A,MJ_T_NCV,C0129,NCV_AVG,SK,: ,: ,: ,25674.000 ,26255.000 ,26084.000 
A,MJ_T_NCV,C0210,NCV_AVG,AL,: ,: ,: ,: ,0.000 ,: 
A,MJ_T_NCV,C0210,NCV_AVG,AT,: ,: ,: ,21834.196 ,21902.359 ,21793.657 
A,MJ_T_NCV,C0210,NCV_AVG,BE,: ,: ,: ,9060.000 ,9060.000 ,9060.000 
A,MJ_T_NCV,C0210,NCV_AVG,BG,0.000 ,0.000 ,0.000 ,: ,: ,: 
A,MJ_T_NCV,C0210,NCV_AVG,CZ,0.000 ,0.000 ,0.000 ,0.000 ,: ,: 
A,MJ_T_NCV,C0210,NCV_AVG,LU,: ,: ,: ,: ,0.000 ,: 
A,MJ_T_NCV,C0210,NCV_AVG,PL,18900.000 ,18900.000 ,18900.000 ,18900.000 ,18900.000 ,: 
A,MJ_T_NCV,C0210,NCV_AVG,RO,: ,: ,: ,22857.000 ,22857.000 ,22857.000 
A,MJ_T_NCV,C0210,NCV_AVG,SI,: ,: ,20069.000 ,19371.000 ,17842.000 ,18049.377 
A,MJ_T_NCV,C0210,NCV_AVG,SK,: ,: ,: ,0.000 ,0.000 ,: 
A,MJ_T_NCV,C0220,NCV_AVG,AL,: ,: ,: ,: ,13481.800 ,: 
A,MJ_T_NCV,C0220,NCV_AVG,AT,: ,: ,: ,14138.355 ,15091.558 ,16505.918 
A,MJ_T_NCV,C0220,NCV_AVG,BG,9856.000 ,8354.000 ,8318.000 ,7140.000 ,7333.000 ,7015.000 
A,MJ_T_NCV,C0220,NCV_AVG,CZ,13699.000 ,13492.000 ,13228.000 ,13410.000 ,13858.000 ,14122.000 
A,MJ_T_NCV,C0220,NCV_AVG,DE,: ,: ,: ,10744.506 ,10479.137 ,10419.374 
A,MJ_T_NCV,C0220,NCV_AVG,EL,: ,: ,: ,: ,9883.000 ,: 
A,MJ_T_NCV,C0220,NCV_AVG,FR,: ,: ,: ,17000.000 ,17000.000 ,17000.000 
A,MJ_T_NCV,C0220,NCV_AVG,HR,: ,: ,: ,: ,13409.091 ,17364.865 
A,MJ_T_NCV,C0220,NCV_AVG,HU,: ,: ,: ,15663.000 ,15194.000 ,14764.000 
A,MJ_T_NCV,C0220,NCV_AVG,IT,: ,: ,: ,10468.000 ,10468.000 ,10468.000 
A,MJ_T_NCV,C0220,NCV_AVG,LU,: ,: ,: ,: ,0.000 ,: 
A,MJ_T_NCV,C0220,NCV_AVG,ME,9510.000 ,9488.000 ,10325.000 ,10061.000 ,10026.000 ,10101.000 
A,MJ_T_NCV,C0220,NCV_AVG,NL,: ,: ,: ,20000.000 ,20000.000 ,20000.000 
A,MJ_T_NCV,C0220,NCV_AVG,PL,10646.000 ,11471.205 ,11243.468 ,12465.515 ,13533.354 ,: 
A,MJ_T_NCV,C0220,NCV_AVG,RO,: ,: ,: ,10286.715 ,11612.790 ,9914.612 
A,MJ_T_NCV,C0220,NCV_AVG,RS,11586.000 ,13753.000 ,10377.000 ,10412.933 ,8061.907 ,5342.807 
A,MJ_T_NCV,C0220,NCV_AVG,SK,: ,: ,: ,11487.000 ,11191.000 ,11071.000 
A,MJ_T_NCV,C0311,NCV_AVG,AL,: ,: ,: ,: ,0.000 ,: 
A,MJ_T_NCV,C0311,NCV_AVG,AT,: ,: ,: ,28770.642 ,28477.147 ,28215.600 
A,MJ_T_NCV,C0311,NCV_AVG,BE,: ,: ,: ,29219.000 ,29204.000 ,29221.000 
A,MJ_T_NCV,C0311,NCV_AVG,BG,28500.000 ,28500.000 ,28500.000 ,28500.000 ,28500.000 ,28500.000 
A,MJ_T_NCV,C0311,NCV_AVG,CZ,29418.000 ,29170.000 ,28299.000 ,28914.000 ,28595.000 ,28037.000 
A,MJ_T_NCV,C0311,NCV_AVG,DE,: ,: ,: ,28650.000 ,28650.000 ,28650.000 
A,MJ_T_NCV,C0311,NCV_AVG,DK,29300.000 ,29300.000 ,29300.000 ,29300.000 ,29300.000 ,29300.000 
A,MJ_T_NCV,C0311,NCV_AVG,ES,: ,: ,: ,: ,: ,27342.000 
A,MJ_T_NCV,C0311,NCV_AVG,FI,: ,: ,: ,29300.000 ,29300.000 ,29300.000 
A,MJ_T_NCV,C0311,NCV_AVG,FR,: ,: ,: ,28000.000 ,28000.000 ,28000.000 
A,MJ_T_NCV,C0311,NCV_AVG,HR,: ,: ,27845.000 ,27845.000 ,29310.000 ,29310.000 
A,MJ_T_NCV,C0311,NCV_AVG,HU,: ,: ,: ,29358.000 ,29390.000 ,28982.000 
A,MJ_T_NCV,C0311,NCV_AVG,IT,: ,: ,: ,28400.000 ,28400.000 ,28400.000 
A,MJ_T_NCV,C0311,NCV_AVG,LT,: ,: ,: ,29300.000 ,29300.000 ,29300.000 
A,MJ_T_NCV,C0311,NCV_AVG,LU,28500.000 ,28500.000 ,28500.000 ,28500.000 ,0.000 ,28500.000 
A,MJ_T_NCV,C0311,NCV_AVG,LV,26790.000 ,26790.000 ,26790.000 ,26790.000 ,26790.000 ,26790.000 
A,MJ_T_NCV,C0311,NCV_AVG,NL,: ,: ,: ,28500.000 ,28500.000 ,28500.000 
A,MJ_T_NCV,C0311,NCV_AVG,NO,28500.000 ,28500.000 ,28500.000 ,28500.000 ,28500.000 ,28500.000 
A,MJ_T_NCV,C0311,NCV_AVG,PL,28018.000 ,28021.028 ,28022.953 ,28083.353 ,28097.475 ,: 
A,MJ_T_NCV,C0311,NCV_AVG,PT,30811.000 ,30777.000 ,30811.000 ,30811.000 ,30811.000 ,30811.000 
A,MJ_T_NCV,C0311,NCV_AVG,RO,: ,: ,: ,26369.990 ,26369.979 ,26369.992 
A,MJ_T_NCV,C0311,NCV_AVG,RS,26262.000 ,26280.000 ,12362.000 ,20150.000 ,24016.000 ,24138.000 
A,MJ_T_NCV,C0311,NCV_AVG,SE,: ,: ,: ,28080.000 ,28080.000 ,28080.000 
A,MJ_T_NCV,C0311,NCV_AVG,SI,: ,: ,29631.000 ,29327.000 ,30381.000 ,29866.000 
A,MJ_T_NCV,C0311,NCV_AVG,SK,: ,: ,: ,28245.000 ,28412.000 ,28124.000 
A,MJ_T_NCV,C0330,NCV_AVG,AL,: ,: ,: ,: ,0.000 ,: 
A,MJ_T_NCV,C0330,NCV_AVG,AT,: ,: ,: ,19800.000 ,: ,: 
A,MJ_T_NCV,C0330,NCV_AVG,BE,: ,: ,: ,18828.000 ,18828.000 ,18828.000 
A,MJ_T_NCV,C0330,NCV_AVG,BG,15074.000 ,16714.000 ,18000.000 ,11268.000 ,10833.000 ,11939.000 
A,MJ_T_NCV,C0330,NCV_AVG,CZ,23292.000 ,22017.000 ,23055.000 ,22878.000 ,23346.000 ,22590.000 
A,MJ_T_NCV,C0330,NCV_AVG,DE,: ,: ,: ,21694.191 ,21705.465 ,19416.284 
A,MJ_T_NCV,C0330,NCV_AVG,DK,18300.000 ,18300.000 ,: ,: ,18300.000 ,: 
A,MJ_T_NCV,C0330,NCV_AVG,FR,: ,: ,: ,16920.000 ,16920.000 ,16920.000 
A,MJ_T_NCV,C0330,NCV_AVG,HR,: ,: ,18000.000 ,18000.000 ,: ,: 
A,MJ_T_NCV,C0330,NCV_AVG,HU,: ,: ,: ,22500.000 ,21974.000 ,22500.000 
A,MJ_T_NCV,C0330,NCV_AVG,LU,22200.000 ,22200.000 ,22200.000 ,22200.000 ,0.000 ,22200.000 
A,MJ_T_NCV,C0330,NCV_AVG,NL,: ,: ,: ,20000.000 ,20000.000 ,20000.000 
A,MJ_T_NCV,C0330,NCV_AVG,PL,15000.000 ,15000.125 ,14998.805 ,15000.173 ,15154.645 ,: 
A,MJ_T_NCV,C0330,NCV_AVG,RS,17830.000 ,17958.000 ,17886.000 ,17887.601 ,17252.000 ,17103.000 
A,MJ_T_NCV,C0330,NCV_AVG,SK,: ,: ,: ,0.000 ,0.000 ,: 
A,MJ_T_NCV,C0340,NCV_AVG,AL,: ,: ,: ,: ,0.000 ,: 
A,MJ_T_NCV,C0340,NCV_AVG,AT,: ,: ,: ,36982.539 ,: ,: 
A,MJ_T_NCV,C0340,NCV_AVG,BG,0.000 ,0.000 ,0.000 ,: ,: ,: 
A,MJ_T_NCV,C0340,NCV_AVG,CZ,36829.000 ,36889.000 ,37583.000 ,37818.000 ,37820.000 ,37818.000 
A,MJ_T_NCV,C0340,NCV_AVG,FI,: ,: ,: ,: ,: ,37000.000 
A,MJ_T_NCV,C0340,NCV_AVG,FR,: ,: ,: ,37883.000 ,37883.000 ,37883.000 
A,MJ_T_NCV,C0340,NCV_AVG,IT,: ,: ,: ,35950.000 ,35950.000 ,35950.000 
A,MJ_T_NCV,C0340,NCV_AVG,LU,: ,: ,: ,: ,0.000 ,: 
A,MJ_T_NCV,C0340,NCV_AVG,PL,37720.000 ,37720.000 ,37720.000 ,37720.000 ,37720.000 ,: 
A,MJ_T_NCV,C0340,NCV_AVG,SK,: ,: ,: ,0.000 ,0.000 ,: 
A,MJ_T_NCV,O4000,NCV_AVG,AL,: ,: ,: ,: ,38834.215 ,36734.156 
A,MJ_T_NCV,O4000,NCV_AVG,AT,: ,: ,: ,42087.115 ,41491.805 ,42587.596 
A,MJ_T_NCV,O4000,NCV_AVG,BE,: ,: ,: ,43970.101 ,44075.272 ,44064.591 
A,MJ_T_NCV,O4000,NCV_AVG,BG,: ,: ,: ,40453.775 ,40278.091 ,40726.116 
A,MJ_T_NCV,O4000,NCV_AVG,CY,: ,: ,: ,37672.067 ,40669.082 ,40312.538 
A,MJ_T_NCV,O4000,NCV_AVG,CZ,: ,: ,: ,: ,40339.668 ,40286.129 
A,MJ_T_NCV,O4000,NCV_AVG,DE,: ,: ,: ,41224.959 ,41652.656 ,41381.362 
A,MJ_T_NCV,O4000,NCV_AVG,DK,: ,: ,: ,35041.783 ,38157.912 ,38603.387 
A,MJ_T_NCV,O4000,NCV_AVG,EE,: ,: ,: ,41527.920 ,41318.123 ,41992.269 
A,MJ_T_NCV,O4000,NCV_AVG,EL,: ,: ,: ,: ,37004.462 ,: 
A,MJ_T_NCV,O4000,NCV_AVG,ES,: ,: ,: ,: ,: ,44694.038 
A,MJ_T_NCV,O4000,NCV_AVG,FI,: ,: ,: ,43369.372 ,43119.730 ,43184.225 
A,MJ_T_NCV,O4000,NCV_AVG,FR,: ,: ,: ,40516.182 ,40446.347 ,40235.291 
A,MJ_T_NCV,O4000,NCV_AVG,HR,: ,: ,37693.776 ,38066.939 ,38635.818 ,38283.972 
A,MJ_T_NCV,O4000,NCV_AVG,HU,: ,: ,: ,41717.307 ,38216.676 ,42456.154 
A,MJ_T_NCV,O4000,NCV_AVG,IE,37887.329 ,37580.119 ,38038.874 ,38515.405 ,38207.807 ,38796.612 
A,MJ_T_NCV,O4000,NCV_AVG,IT,: ,: ,: ,37344.771 ,37323.152 ,37476.493 
A,MJ_T_NCV,O4000,NCV_AVG,LT,: ,: ,: ,42764.894 ,43103.627 ,43000.791 
A,MJ_T_NCV,O4000,NCV_AVG,LU,: ,: ,: ,: ,0.000 ,38590.171 
A,MJ_T_NCV,O4000,NCV_AVG,LV,: ,: ,: ,42708.869 ,43114.799 ,43096.638 
A,MJ_T_NCV,O4000,NCV_AVG,MD,: ,: ,: ,: ,35731.863 ,46064.000 
A,MJ_T_NCV,O4000,NCV_AVG,ME,43062.765 ,43194.139 ,43158.186 ,43304.102 ,43034.044 ,43073.958 
A,MJ_T_NCV,O4000,NCV_AVG,MT,43000.000 ,43148.974 ,43100.255 ,42978.388 ,42947.357 ,43003.714 
A,MJ_T_NCV,O4000,NCV_AVG,NL,: ,: ,: ,44736.548 ,44726.793 ,44681.302 
A,MJ_T_NCV,O4000,NCV_AVG,NO,: ,: ,: ,: ,45761.273 ,36480.768 
A,MJ_T_NCV,O4000,NCV_AVG,PL,44108.433 ,44067.729 ,44641.792 ,45330.880 ,43857.572 ,: 
A,MJ_T_NCV,O4000,NCV_AVG,PT,: ,: ,: ,35688.614 ,35688.614 ,37115.467 
A,MJ_T_NCV,O4000,NCV_AVG,RO,: ,: ,: ,41475.162 ,42248.436 ,42542.530 
A,MJ_T_NCV,O4000,NCV_AVG,RS,: ,: ,: ,: ,38176.113 ,38073.102 
A,MJ_T_NCV,O4000,NCV_AVG,SE,: ,: ,: ,39500.000 ,39500.000 ,39500.000 
A,MJ_T_NCV,O4000,NCV_AVG,SI,: ,: ,40054.316 ,39659.723 ,39045.770 ,39433.298 
A,MJ_T_NCV,O4000,NCV_AVG,SK,: ,: ,: ,: ,35099.704 ,35539.472 
A,MJ_T_NCV,O4200,NCV_AVG,AL,: ,: ,: ,: ,0.000 ,: 
A,MJ_T_NCV,O4200,NCV_AVG,BG,0.000 ,0.000 ,0.000 ,: ,: ,: 
A,MJ_T_NCV,O4200,NCV_AVG,CZ,0.000 ,0.000 ,0.000 ,0.000 ,: ,: 
A,MJ_T_NCV,O4200,NCV_AVG,HR,: ,: ,: ,: ,46091.004 ,46108.301 
A,MJ_T_NCV,O4200,NCV_AVG,IT,: ,: ,: ,41860.000 ,41860.000 ,41860.000 
A,MJ_T_NCV,O4200,NCV_AVG,LU,: ,: ,: ,: ,0.000 ,: 
A,MJ_T_NCV,O4200,NCV_AVG,ME,46000.000 ,46000.000 ,46000.000 ,46000.000 ,46000.000 ,: 
A,MJ_T_NCV,O4200,NCV_AVG,PL,44200.000 ,44200.000 ,44200.000 ,44200.000 ,44200.000 ,: 
A,MJ_T_NCV,O4200,NCV_AVG,RO,: ,: ,: ,49458.553 ,44201.742 ,44201.877 
A,MJ_T_NCV,O4200,NCV_AVG,RS,46000.000 ,46000.000 ,46000.000 ,46000.000 ,46000.000 ,46000.000 
A,MJ_T_NCV,O4200,NCV_AVG,SE,: ,: ,: ,45750.000 ,45750.000 ,45750.000 
A,MJ_T_NCV,O4200,NCV_AVG,SK,: ,: ,: ,0.000 ,0.000 ,: 
A,MJ_T_NCV,O4610,NCV_AVG,AL,: ,: ,: ,: ,48106.000 ,: 
A,MJ_T_NCV,O4610,NCV_AVG,BG,45238.000 ,45238.000 ,47385.000 ,47385.000 ,47385.000 ,47385.000 
A,MJ_T_NCV,O4610,NCV_AVG,CZ,0.000 ,0.000 ,0.000 ,0.000 ,: ,: 
A,MJ_T_NCV,O4610,NCV_AVG,DE,: ,: ,: ,45492.000 ,45492.000 ,45492.000 
A,MJ_T_NCV,O4610,NCV_AVG,DK,52000.000 ,52000.000 ,52000.000 ,52000.000 ,52000.000 ,52000.000 
A,MJ_T_NCV,O4610,NCV_AVG,ES,: ,: ,: ,: ,: ,49500.000 
A,MJ_T_NCV,O4610,NCV_AVG,FR,: ,: ,: ,49501.000 ,49501.000 ,49501.000 
A,MJ_T_NCV,O4610,NCV_AVG,HR,: ,: ,48570.000 ,48570.000 ,42600.000 ,42600.000 
A,MJ_T_NCV,O4610,NCV_AVG,IT,: ,: ,: ,49500.000 ,49500.000 ,49500.000 
A,MJ_T_NCV,O4610,NCV_AVG,LU,: ,: ,: ,: ,0.000 ,: 
A,MJ_T_NCV,O4610,NCV_AVG,NL,: ,: ,: ,45196.218 ,45196.190 ,45196.200 
A,MJ_T_NCV,O4610,NCV_AVG,PL,49500.000 ,49500.000 ,49500.000 ,49500.000 ,49500.000 ,: 
A,MJ_T_NCV,O4610,NCV_AVG,RO,: ,: ,: ,48139.918 ,48139.869 ,48139.852 
A,MJ_T_NCV,O4610,NCV_AVG,RS,48148.000 ,48148.000 ,48148.000 ,48148.000 ,48000.000 ,41543.000 
A,MJ_T_NCV,O4610,NCV_AVG,SE,: ,: ,: ,49500.000 ,49500.000 ,49500.000 
A,MJ_T_NCV,O4610,NCV_AVG,SK,: ,: ,: ,27900.000 ,27900.000 ,27900.000 
A,MJ_T_NCV,O4630,NCV_AVG,AL,: ,: ,: ,: ,47311.000 ,47311.000 
A,MJ_T_NCV,O4630,NCV_AVG,AT,: ,: ,: ,46120.000 ,46120.000 ,46120.000 
A,MJ_T_NCV,O4630,NCV_AVG,BE,: ,: ,: ,47300.000 ,47300.000 ,47300.000 
A,MJ_T_NCV,O4630,NCV_AVG,BG,46000.000 ,46000.000 ,46000.000 ,46000.000 ,46000.000 ,46000.000 
A,MJ_T_NCV,O4630,NCV_AVG,CY,: ,: ,: ,47300.000 ,47300.000 ,47300.000 
A,MJ_T_NCV,O4630,NCV_AVG,CZ,0.000 ,0.000 ,0.000 ,43800.000 ,43800.000 ,43800.000 
A,MJ_T_NCV,O4630,NCV_AVG,DE,: ,: ,: ,43074.000 ,43074.000 ,43074.000 
A,MJ_T_NCV,O4630,NCV_AVG,DK,46000.000 ,46000.000 ,46000.000 ,46000.000 ,46000.000 ,46000.000 
A,MJ_T_NCV,O4630,NCV_AVG,EE,45500.000 ,45500.000 ,45500.000 ,45500.000 ,45500.000 ,44640.000 
A,MJ_T_NCV,O4630,NCV_AVG,EL,: ,: ,: ,: ,46000.000 ,: 
A,MJ_T_NCV,O4630,NCV_AVG,ES,: ,: ,: ,: ,: ,47300.000 
A,MJ_T_NCV,O4630,NCV_AVG,FI,: ,: ,: ,46300.000 ,46300.000 ,46300.000 
A,MJ_T_NCV,O4630,NCV_AVG,FR,: ,: ,: ,46000.000 ,46000.000 ,46000.000 
A,MJ_T_NCV,O4630,NCV_AVG,HR,: ,: ,46890.000 ,46890.000 ,46890.000 ,46890.000 
A,MJ_T_NCV,O4630,NCV_AVG,HU,: ,: ,: ,46140.000 ,46140.000 ,46140.000 
A,MJ_T_NCV,O4630,NCV_AVG,IE,47155.928 ,47155.928 ,47155.928 ,47155.928 ,47155.928 ,47155.928 
A,MJ_T_NCV,O4630,NCV_AVG,IT,: ,: ,: ,46000.000 ,46000.000 ,46000.000 
A,MJ_T_NCV,O4630,NCV_AVG,LT,: ,: ,: ,45790.000 ,45790.000 ,45840.000 
A,MJ_T_NCV,O4630,NCV_AVG,LU,: ,: ,: ,: ,0.000 ,46000.000 
A,MJ_T_NCV,O4630,NCV_AVG,LV,45540.000 ,45540.000 ,45540.000 ,45540.000 ,45540.000 ,45540.000 
A,MJ_T_NCV,O4630,NCV_AVG,MD,46064.000 ,46064.000 ,46064.000 ,46064.000 ,46064.000 ,46064.000 
A,MJ_T_NCV,O4630,NCV_AVG,ME,46890.000 ,46890.000 ,46890.000 ,46890.000 ,46890.000 ,46890.000 
A,MJ_T_NCV,O4630,NCV_AVG,MT,46000.000 ,46000.000 ,46000.000 ,46000.000 ,46000.000 ,46000.000 
A,MJ_T_NCV,O4630,NCV_AVG,NL,: ,: ,: ,45196.200 ,45196.200 ,45196.200 
A,MJ_T_NCV,O4630,NCV_AVG,NO,46100.000 ,46100.000 ,46100.000 ,46100.000 ,46100.000 ,46100.000 
A,MJ_T_NCV,O4630,NCV_AVG,PL,46000.000 ,46000.000 ,46000.000 ,46000.000 ,46000.000 ,: 
A,MJ_T_NCV,O4630,NCV_AVG,PT,46000.000 ,46000.000 ,46000.000 ,46000.000 ,46000.000 ,46000.000 
A,MJ_T_NCV,O4630,NCV_AVG,RO,: ,: ,: ,48138.580 ,48138.678 ,48138.761 
A,MJ_T_NCV,O4630,NCV_AVG,RS,47311.000 ,47311.000 ,47311.000 ,47311.000 ,47311.000 ,47311.000 
A,MJ_T_NCV,O4630,NCV_AVG,SE,: ,: ,: ,46044.000 ,46044.000 ,46044.000 
A,MJ_T_NCV,O4630,NCV_AVG,SI,: ,: ,46050.000 ,46050.000 ,46050.000 ,46050.000 
A,MJ_T_NCV,O4630,NCV_AVG,SK,: ,: ,: ,46000.000 ,46000.000 ,46000.000 
A,MJ_T_NCV,O4640,NCV_AVG,AL,: ,: ,: ,: ,45008.000 ,: 
A,MJ_T_NCV,O4640,NCV_AVG,BE,: ,: ,: ,44500.000 ,44500.000 ,44500.000 
A,MJ_T_NCV,O4640,NCV_AVG,BG,0.000 ,0.000 ,0.000 ,: ,: ,: 
A,MJ_T_NCV,O4640,NCV_AVG,CZ,0.000 ,0.000 ,0.000 ,0.000 ,: ,: 
A,MJ_T_NCV,O4640,NCV_AVG,DK,: ,: ,: ,: ,43800.000 ,: 
A,MJ_T_NCV,O4640,NCV_AVG,FI,: ,: ,: ,44300.000 ,44300.000 ,44300.000 
A,MJ_T_NCV,O4640,NCV_AVG,HR,: ,: ,: ,: ,44590.000 ,44590.000 
A,MJ_T_NCV,O4640,NCV_AVG,HU,: ,: ,: ,42000.000 ,42000.000 ,42000.000 
A,MJ_T_NCV,O4640,NCV_AVG,IT,: ,: ,: ,44000.000 ,44000.000 ,44000.000 
A,MJ_T_NCV,O4640,NCV_AVG,LU,: ,: ,: ,: ,0.000 ,: 
A,MJ_T_NCV,O4640,NCV_AVG,PL,44000.000 ,44000.000 ,44000.000 ,44000.000 ,44000.000 ,: 
A,MJ_T_NCV,O4640,NCV_AVG,RO,: ,: ,: ,43984.634 ,44019.900 ,43979.381 
A,MJ_T_NCV,O4640,NCV_AVG,RS,44938.000 ,44938.000 ,44938.000 ,44938.000 ,44938.000 ,44938.000 
A,MJ_T_NCV,O4640,NCV_AVG,SK,: ,: ,: ,0.000 ,0.000 ,: 
A,MJ_T_NCV,O4652,NCV_AVG,AL,: ,: ,: ,: ,44400.000 ,44400.000 
A,MJ_T_NCV,O4652,NCV_AVG,AT,: ,: ,: ,41750.000 ,41750.000 ,41490.500 
A,MJ_T_NCV,O4652,NCV_AVG,BE,: ,: ,: ,44500.000 ,44500.000 ,42793.788 
A,MJ_T_NCV,O4652,NCV_AVG,BG,0.000 ,0.000 ,0.000 ,: ,: ,: 
A,MJ_T_NCV,O4652,NCV_AVG,CZ,0.000 ,0.000 ,0.000 ,0.000 ,: ,: 
A,MJ_T_NCV,O4652,NCV_AVG,DE,: ,: ,: ,41280.000 ,42281.000 ,41173.000 
A,MJ_T_NCV,O4652,NCV_AVG,DK,43800.000 ,43800.000 ,43800.000 ,43800.000 ,43800.000 ,43800.000 
A,MJ_T_NCV,O4652,NCV_AVG,EE,44000.000 ,44000.000 ,44000.000 ,44000.000 ,43456.000 ,42480.000 
A,MJ_T_NCV,O4652,NCV_AVG,EL,: ,: ,: ,: ,44000.000 ,: 
A,MJ_T_NCV,O4652,NCV_AVG,ES,: ,: ,: ,: ,: ,43824.144 
A,MJ_T_NCV,O4652,NCV_AVG,FI,: ,: ,: ,41818.000 ,41734.000 ,41606.000 
A,MJ_T_NCV,O4652,NCV_AVG,HR,: ,: ,44590.000 ,44590.000 ,44590.000 ,44590.000 
A,MJ_T_NCV,O4652,NCV_AVG,IT,: ,: ,: ,43962.841 ,43962.841 ,43962.841 
A,MJ_T_NCV,O4652,NCV_AVG,LT,: ,: ,: ,43910.000 ,43910.000 ,43950.000 
A,MJ_T_NCV,O4652,NCV_AVG,LU,: ,: ,: ,: ,0.000 ,: 
A,MJ_T_NCV,O4652,NCV_AVG,LV,43970.000 ,43970.000 ,43970.000 ,43970.000 ,43970.000 ,43970.000 
A,MJ_T_NCV,O4652,NCV_AVG,MD,43715.000 ,43715.000 ,43715.000 ,43715.000 ,43715.000 ,: 
A,MJ_T_NCV,O4652,NCV_AVG,ME,44590.000 ,44590.000 ,44590.000 ,44590.000 ,44590.000 ,44590.000 
A,MJ_T_NCV,O4652,NCV_AVG,MT,43000.000 ,43000.000 ,43000.000 ,43000.000 ,43000.000 ,43000.000 
A,MJ_T_NCV,O4652,NCV_AVG,PL,43000.000 ,43000.000 ,43000.000 ,43000.000 ,43000.000 ,: 
A,MJ_T_NCV,O4652,NCV_AVG,PT,43925.000 ,43856.000 ,43798.000 ,43808.000 ,43808.000 ,43368.228 
A,MJ_T_NCV,O4652,NCV_AVG,RO,: ,: ,: ,43524.927 ,41448.977 ,41464.180 
A,MJ_T_NCV,O4652,NCV_AVG,RS,44799.000 ,44799.000 ,44799.000 ,44799.000 ,44799.000 ,44799.000 
A,MJ_T_NCV,O4652,NCV_AVG,SE,: ,: ,: ,42964.000 ,42964.000 ,42964.000 
A,MJ_T_NCV,O4652,NCV_AVG,SI,: ,: ,43850.000 ,43850.000 ,43850.000 ,43850.000 
A,MJ_T_NCV,O4652,NCV_AVG,SK,: ,: ,: ,43932.000 ,43928.000 ,43932.000 
A,MJ_T_NCV,O4661,NCV_AVG,AL,: ,: ,: ,: ,43000.000 ,: 
A,MJ_T_NCV,O4661,NCV_AVG,BG,0.000 ,0.000 ,0.000 ,: ,: ,: 
A,MJ_T_NCV,O4661,NCV_AVG,CZ,0.000 ,0.000 ,0.000 ,0.000 ,: ,: 
A,MJ_T_NCV,O4661,NCV_AVG,DK,43500.000 ,43500.000 ,43500.000 ,43500.000 ,43500.000 ,43500.000 
A,MJ_T_NCV,O4661,NCV_AVG,EE,: ,: ,: ,: ,: ,42120.000 
A,MJ_T_NCV,O4661,NCV_AVG,EL,: ,: ,: ,: ,43000.000 ,: 
A,MJ_T_NCV,O4661,NCV_AVG,ES,: ,: ,: ,: ,: ,43800.000 
A,MJ_T_NCV,O4661,NCV_AVG,HR,: ,: ,: ,: ,43960.000 ,43960.000 
A,MJ_T_NCV,O4661,NCV_AVG,IT,: ,: ,: ,43000.000 ,43000.000 ,43000.000 
A,MJ_T_NCV,O4661,NCV_AVG,LU,: ,: ,: ,: ,0.000 ,: 
A,MJ_T_NCV,O4661,NCV_AVG,LV,43210.000 ,43210.000 ,43210.000 ,43210.000 ,43210.000 ,43210.000 
A,MJ_T_NCV,O4661,NCV_AVG,MD,43126.000 ,43126.000 ,43126.000 ,43126.000 ,43126.000 ,: 
A,MJ_T_NCV,O4661,NCV_AVG,MT,43000.000 ,43000.000 ,43000.000 ,43000.000 ,43000.000 ,43000.000 
A,MJ_T_NCV,O4661,NCV_AVG,PL,43000.000 ,43000.000 ,43000.000 ,43000.000 ,43000.000 ,: 
A,MJ_T_NCV,O4661,NCV_AVG,RO,: ,: ,: ,48507.275 ,47984.614 ,48486.505 
A,MJ_T_NCV,O4661,NCV_AVG,SE,: ,: ,: ,43200.000 ,43200.000 ,43200.000 
A,MJ_T_NCV,O4661,NCV_AVG,SK,: ,: ,: ,0.000 ,0.000 ,: 
A,MJ_T_NCV,O4669,NCV_AVG,AL,: ,: ,: ,: ,43000.000 ,: 
A,MJ_T_NCV,O4669,NCV_AVG,BE,: ,: ,: ,43800.000 ,43800.000 ,43800.000 
A,MJ_T_NCV,O4669,NCV_AVG,BG,0.000 ,0.000 ,0.000 ,: ,: ,: 
A,MJ_T_NCV,O4669,NCV_AVG,CY,: ,: ,: ,43800.000 ,43800.000 ,43800.000 
A,MJ_T_NCV,O4669,NCV_AVG,CZ,0.000 ,0.000 ,0.000 ,0.000 ,: ,: 
A,MJ_T_NCV,O4669,NCV_AVG,DK,43500.000 ,43500.000 ,43500.000 ,43500.000 ,43500.000 ,43500.000 
A,MJ_T_NCV,O4669,NCV_AVG,EL,: ,: ,: ,: ,43000.000 ,: 
A,MJ_T_NCV,O4669,NCV_AVG,ES,: ,: ,: ,: ,: ,43800.000 
A,MJ_T_NCV,O4669,NCV_AVG,HR,: ,: ,: ,: ,43960.000 ,43960.000 
A,MJ_T_NCV,O4669,NCV_AVG,IE,44195.861 ,44195.861 ,44195.861 ,44195.861 ,44195.861 ,44195.861 
A,MJ_T_NCV,O4669,NCV_AVG,IT,: ,: ,: ,43000.000 ,43000.000 ,43000.000 
A,MJ_T_NCV,O4669,NCV_AVG,LU,: ,: ,: ,: ,0.000 ,: 
A,MJ_T_NCV,O4669,NCV_AVG,LV,43200.000 ,43200.000 ,43200.000 ,43200.000 ,43200.000 ,43200.000 
A,MJ_T_NCV,O4669,NCV_AVG,MT,43920.000 ,43920.000 ,43920.000 ,43920.000 ,43920.000 ,43920.000 
A,MJ_T_NCV,O4669,NCV_AVG,NL,: ,: ,: ,43100.012 ,43099.407 ,43100.185 
A,MJ_T_NCV,O4669,NCV_AVG,NO,43100.000 ,43100.000 ,43100.000 ,43100.000 ,43100.000 ,43100.000 
A,MJ_T_NCV,O4669,NCV_AVG,PL,43000.000 ,43000.000 ,43000.000 ,43000.000 ,43000.000 ,: 
A,MJ_T_NCV,O4669,NCV_AVG,PT,43750.000 ,43750.000 ,43750.000 ,43750.000 ,43750.000 ,43750.000 
A,MJ_T_NCV,O4669,NCV_AVG,RO,: ,: ,: ,43098.434 ,43128.505 ,43106.061 
A,MJ_T_NCV,O4669,NCV_AVG,SE,: ,: ,: ,42400.000 ,42400.000 ,42400.000 
A,MJ_T_NCV,O4669,NCV_AVG,SK,: ,: ,: ,0.000 ,0.000 ,: 
A,MJ_T_NCV,O4671,NCV_AVG,AL,: ,: ,: ,: ,42800.000 ,42800.000 
A,MJ_T_NCV,O4671,NCV_AVG,AT,: ,: ,: ,42799.524 ,42700.000 ,43370.000 
A,MJ_T_NCV,O4671,NCV_AVG,BE,: ,: ,: ,42786.504 ,42773.623 ,42770.333 
A,MJ_T_NCV,O4671,NCV_AVG,BG,42300.000 ,42300.000 ,42300.000 ,42300.000 ,42300.000 ,42300.000 
A,MJ_T_NCV,O4671,NCV_AVG,CY,: ,: ,: ,43000.000 ,42734.730 ,43000.000 
A,MJ_T_NCV,O4671,NCV_AVG,CZ,0.000 ,0.000 ,0.000 ,42600.000 ,42799.400 ,42799.000 
A,MJ_T_NCV,O4671,NCV_AVG,DE,: ,: ,: ,42641.000 ,42816.000 ,41448.000 
A,MJ_T_NCV,O4671,NCV_AVG,DK,42421.456 ,42429.868 ,42398.996 ,42399.637 ,42700.000 ,42700.000 
A,MJ_T_NCV,O4671,NCV_AVG,EE,42300.000 ,42300.000 ,42300.000 ,42300.000 ,42223.850 ,42480.000 
A,MJ_T_NCV,O4671,NCV_AVG,EL,: ,: ,: ,: ,42600.000 ,: 
A,MJ_T_NCV,O4671,NCV_AVG,ES,: ,: ,: ,: ,: ,43000.000 
A,MJ_T_NCV,O4671,NCV_AVG,FI,: ,: ,: ,42945.000 ,43025.000 ,42999.000 
A,MJ_T_NCV,O4671,NCV_AVG,FR,: ,: ,: ,42281.000 ,42279.000 ,42229.579 
A,MJ_T_NCV,O4671,NCV_AVG,HR,: ,: ,42710.000 ,42710.000 ,42710.000 ,42710.000 
A,MJ_T_NCV,O4671,NCV_AVG,HU,: ,: ,: ,42900.000 ,42900.000 ,42900.000 
A,MJ_T_NCV,O4671,NCV_AVG,IE,43308.259 ,43308.259 ,43308.259 ,43308.259 ,43308.259 ,43308.259 
A,MJ_T_NCV,O4671,NCV_AVG,IT,: ,: ,: ,42279.934 ,42279.934 ,42279.934 
A,MJ_T_NCV,O4671,NCV_AVG,LT,: ,: ,: ,42910.000 ,42910.000 ,42910.000 
A,MJ_T_NCV,O4671,NCV_AVG,LU,42485.000 ,42485.000 ,42485.000 ,42485.000 ,0.000 ,42485.000 
A,MJ_T_NCV,O4671,NCV_AVG,LV,42490.000 ,42490.000 ,42490.000 ,42490.000 ,42490.000 ,42490.000 
A,MJ_T_NCV,O4671,NCV_AVG,MD,42550.000 ,42550.000 ,42550.000 ,42550.000 ,42550.000 ,42550.000 
A,MJ_T_NCV,O4671,NCV_AVG,ME,42423.000 ,42496.000 ,42496.000 ,42656.000 ,42471.000 ,42710.000 
A,MJ_T_NCV,O4671,NCV_AVG,MT,43000.000 ,43000.000 ,43000.000 ,43000.000 ,43000.000 ,43000.000 
A,MJ_T_NCV,O4671,NCV_AVG,NL,: ,: ,: ,42800.000 ,42800.000 ,42880.000 
A,MJ_T_NCV,O4671,NCV_AVG,NO,43100.000 ,43100.000 ,43100.000 ,43100.000 ,43100.000 ,43100.000 
A,MJ_T_NCV,O4671,NCV_AVG,PL,43000.000 ,43000.000 ,43000.000 ,43000.000 ,43000.000 ,: 
A,MJ_T_NCV,O4671,NCV_AVG,PT,42624.000 ,42605.000 ,42600.000 ,42591.000 ,42591.000 ,42680.795 
A,MJ_T_NCV,O4671,NCV_AVG,RO,: ,: ,: ,42163.193 ,42195.875 ,42510.375 
A,MJ_T_NCV,O4671,NCV_AVG,RS,42852.000 ,42741.000 ,42741.000 ,42683.000 ,42625.000 ,42625.000 
A,MJ_T_NCV,O4671,NCV_AVG,SE,: ,: ,: ,42251.000 ,42251.000 ,42251.000 
A,MJ_T_NCV,O4671,NCV_AVG,SI,: ,: ,42600.000 ,42600.000 ,42600.000 ,42600.000 
A,MJ_T_NCV,O4671,NCV_AVG,SK,: ,: ,: ,42086.000 ,42087.000 ,42108.000 
A,MJ_T_NCV,O4680,NCV_AVG,AL,: ,: ,: ,: ,41700.000 ,: 
A,MJ_T_NCV,O4680,NCV_AVG,AT,: ,: ,: ,41434.000 ,41660.000 ,42400.000 
A,MJ_T_NCV,O4680,NCV_AVG,BE,: ,: ,: ,40400.000 ,40400.000 ,40400.000 
A,MJ_T_NCV,O4680,NCV_AVG,BG,40000.000 ,40000.000 ,40000.000 ,40000.000 ,40000.000 ,40000.000 
A,MJ_T_NCV,O4680,NCV_AVG,CY,: ,: ,: ,40431.748 ,40698.873 ,40446.000 
A,MJ_T_NCV,O4680,NCV_AVG,CZ,0.000 ,0.000 ,0.000 ,39501.000 ,39500.000 ,39500.000 
A,MJ_T_NCV,O4680,NCV_AVG,DE,: ,: ,: ,40343.000 ,40343.000 ,40343.000 
A,MJ_T_NCV,O4680,NCV_AVG,DK,40650.000 ,40650.000 ,40650.000 ,40650.000 ,40650.000 ,40650.000 
A,MJ_T_NCV,O4680,NCV_AVG,EE,39220.000 ,39220.000 ,39246.000 ,39246.000 ,39246.000 ,40320.000 
A,MJ_T_NCV,O4680,NCV_AVG,EL,: ,: ,: ,: ,40000.000 ,: 
A,MJ_T_NCV,O4680,NCV_AVG,ES,: ,: ,: ,: ,: ,40400.000 
A,MJ_T_NCV,O4680,NCV_AVG,FI,: ,: ,: ,40400.000 ,40400.000 ,40400.000 
A,MJ_T_NCV,O4680,NCV_AVG,FR,: ,: ,: ,40001.000 ,40001.000 ,40001.000 
A,MJ_T_NCV,O4680,NCV_AVG,HR,: ,: ,40190.000 ,40190.000 ,40190.000 ,40190.000 
A,MJ_T_NCV,O4680,NCV_AVG,HU,: ,: ,: ,40200.000 ,40200.000 ,40066.667 
A,MJ_T_NCV,O4680,NCV_AVG,IE,41235.793 ,41235.793 ,41235.793 ,41235.793 ,41235.793 ,41235.793 
A,MJ_T_NCV,O4680,NCV_AVG,IT,: ,: ,: ,40000.000 ,40000.000 ,40000.000 
A,MJ_T_NCV,O4680,NCV_AVG,LT,: ,: ,: ,39815.000 ,39765.000 ,39455.000 
A,MJ_T_NCV,O4680,NCV_AVG,LU,: ,: ,: ,: ,0.000 ,40000.000 
A,MJ_T_NCV,O4680,NCV_AVG,LV,40600.000 ,40600.000 ,40600.000 ,40600.000 ,40600.000 ,40600.000 
A,MJ_T_NCV,O4680,NCV_AVG,MD,40200.000 ,40200.000 ,40200.000 ,40200.000 ,40200.000 ,40200.000 
A,MJ_T_NCV,O4680,NCV_AVG,ME,40190.000 ,40190.000 ,40190.000 ,40190.000 ,40190.000 ,40190.000 
A,MJ_T_NCV,O4680,NCV_AVG,MT,40000.000 ,40000.000 ,40000.000 ,40000.000 ,40000.000 ,40000.000 
A,MJ_T_NCV,O4680,NCV_AVG,NO,40600.000 ,40600.000 ,40600.000 ,40600.000 ,40600.000 ,40600.000 
A,MJ_T_NCV,O4680,NCV_AVG,PL,40000.000 ,40837.000 ,40890.000 ,40889.000 ,40400.000 ,: 
A,MJ_T_NCV,O4680,NCV_AVG,PT,40000.000 ,40000.000 ,40000.000 ,40000.000 ,40000.000 ,40000.000 
A,MJ_T_NCV,O4680,NCV_AVG,RO,: ,: ,: ,39342.902 ,39350.588 ,39348.958 
A,MJ_T_NCV,O4680,NCV_AVG,RS,41087.000 ,41031.000 ,41031.000 ,41115.000 ,41115.000 ,41115.000 
A,MJ_T_NCV,O4680,NCV_AVG,SE,: ,: ,: ,41674.000 ,41674.000 ,41674.000 
A,MJ_T_NCV,O4680,NCV_AVG,SK,: ,: ,: ,40400.000 ,40400.000 ,40400.000 
A,MJ_T_NCV,O4690,NCV_AVG,AL,: ,: ,: ,: ,44799.000 ,44799.000 
A,MJ_T_NCV,O4690,NCV_AVG,AT,: ,: ,: ,46173.481 ,46127.222 ,45438.504 
A,MJ_T_NCV,O4690,NCV_AVG,BG,40447.000 ,40200.000 ,40200.000 ,40200.000 ,40569.000 ,40453.000 
A,MJ_T_NCV,O4690,NCV_AVG,CZ,0.000 ,0.000 ,0.000 ,38778.000 ,38493.000 ,38931.000 
A,MJ_T_NCV,O4690,NCV_AVG,DE,: ,: ,: ,39501.000 ,39501.000 ,39501.000 
A,MJ_T_NCV,O4690,NCV_AVG,DK,41900.000 ,41900.000 ,41900.000 ,41900.000 ,41900.000 ,41900.000 
A,MJ_T_NCV,O4690,NCV_AVG,EL,: ,: ,: ,: ,40000.000 ,: 
A,MJ_T_NCV,O4690,NCV_AVG,ES,: ,: ,: ,: ,: ,40200.000 
A,MJ_T_NCV,O4690,NCV_AVG,FI,: ,: ,: ,41206.000 ,41643.000 ,40374.000 
A,MJ_T_NCV,O4690,NCV_AVG,HR,: ,: ,: ,: ,40190.000 ,40190.000 
A,MJ_T_NCV,O4690,NCV_AVG,HU,: ,: ,: ,38000.000 ,38000.000 ,38000.000 
A,MJ_T_NCV,O4690,NCV_AVG,IT,: ,: ,: ,40000.000 ,40000.000 ,40000.000 
A,MJ_T_NCV,O4690,NCV_AVG,LU,: ,: ,: ,: ,0.000 ,: 
A,MJ_T_NCV,O4690,NCV_AVG,LV,29472.000 ,30796.000 ,32530.000 ,32375.000 ,33192.000 ,41443.418 
A,MJ_T_NCV,O4690,NCV_AVG,MD,40200.000 ,40200.000 ,40200.000 ,40200.000 ,40200.000 ,: 
A,MJ_T_NCV,O4690,NCV_AVG,NL,: ,: ,: ,41000.000 ,41000.000 ,41000.000 
A,MJ_T_NCV,O4690,NCV_AVG,NO,40000.000 ,40000.000 ,40000.000 ,40000.000 ,40000.000 ,: 
A,MJ_T_NCV,O4690,NCV_AVG,PL,32160.000 ,36052.000 ,35554.000 ,34716.000 ,32200.000 ,: 
A,MJ_T_NCV,O4690,NCV_AVG,RO,: ,: ,: ,47417.981 ,47376.437 ,44880.613 
A,MJ_T_NCV,O4690,NCV_AVG,RS,40400.000 ,40400.000 ,40400.000 ,40400.000 ,40400.000 ,40400.000 
A,MJ_T_NCV,O4690,NCV_AVG,SK,: ,: ,: ,0.000 ,0.000 ,: 
A,MJ_T_NCV,O4691,NCV_AVG,AL,: ,: ,: ,: ,42998.000 ,: 
A,MJ_T_NCV,O4691,NCV_AVG,AT,: ,: ,: ,44100.000 ,44100.000 ,44100.000 
A,MJ_T_NCV,O4691,NCV_AVG,BG,0.000 ,0.000 ,0.000 ,: ,: ,: 
A,MJ_T_NCV,O4691,NCV_AVG,CZ,0.000 ,0.000 ,0.000 ,0.000 ,: ,: 
A,MJ_T_NCV,O4691,NCV_AVG,DE,: ,: ,: ,: ,43200.000 ,43200.000 
A,MJ_T_NCV,O4691,NCV_AVG,DK,43500.000 ,43500.000 ,43500.000 ,43500.000 ,43500.000 ,43500.000 
A,MJ_T_NCV,O4691,NCV_AVG,EL,: ,: ,: ,: ,43600.000 ,: 
A,MJ_T_NCV,O4691,NCV_AVG,HR,: ,: ,: ,: ,40190.000 ,40190.000 
A,MJ_T_NCV,O4691,NCV_AVG,IT,: ,: ,: ,43600.000 ,43600.000 ,43600.000 
A,MJ_T_NCV,O4691,NCV_AVG,LU,: ,: ,: ,: ,0.000 ,: 
A,MJ_T_NCV,O4691,NCV_AVG,LV,40200.000 ,40200.000 ,40200.000 ,40200.000 ,40200.000 ,40200.000 
A,MJ_T_NCV,O4691,NCV_AVG,MD,43247.000 ,43247.000 ,43247.000 ,43247.000 ,43247.000 ,: 
A,MJ_T_NCV,O4691,NCV_AVG,PL,43600.000 ,43600.000 ,43600.000 ,43600.000 ,43600.000 ,: 
A,MJ_T_NCV,O4691,NCV_AVG,RO,: ,: ,: ,43949.838 ,43949.869 ,43954.205 
A,MJ_T_NCV,O4691,NCV_AVG,RS,40190.000 ,40400.000 ,40400.000 ,40400.000 ,40400.000 ,40400.000 
A,MJ_T_NCV,O4691,NCV_AVG,SK,: ,: ,: ,0.000 ,0.000 ,: 
A,MJ_T_NCV,O4694,NCV_AVG,AL,: ,: ,: ,: ,31987.000 ,31987.000 
A,MJ_T_NCV,O4694,NCV_AVG,AT,: ,: ,: ,30938.293 ,31561.956 ,31128.388 
A,MJ_T_NCV,O4694,NCV_AVG,BE,: ,: ,: ,32500.000 ,32500.000 ,32500.000 
A,MJ_T_NCV,O4694,NCV_AVG,BG,31400.000 ,32590.000 ,32590.000 ,32590.000 ,32590.000 ,32590.000 
A,MJ_T_NCV,O4694,NCV_AVG,CY,: ,: ,: ,33412.000 ,32301.000 ,31597.000 
A,MJ_T_NCV,O4694,NCV_AVG,CZ,0.000 ,0.000 ,0.000 ,0.000 ,: ,: 
A,MJ_T_NCV,O4694,NCV_AVG,DE,: ,: ,: ,32000.000 ,32000.000 ,32000.000 
A,MJ_T_NCV,O4694,NCV_AVG,DK,31400.000 ,31400.000 ,31400.000 ,31400.000 ,31400.000 ,31400.000 
A,MJ_T_NCV,O4694,NCV_AVG,EL,: ,: ,: ,: ,32000.000 ,: 
A,MJ_T_NCV,O4694,NCV_AVG,ES,: ,: ,: ,: ,: ,32500.000 
A,MJ_T_NCV,O4694,NCV_AVG,FI,: ,: ,: ,35943.000 ,33504.000 ,33499.000 
A,MJ_T_NCV,O4694,NCV_AVG,FR,: ,: ,: ,32000.000 ,32000.000 ,32000.000 
A,MJ_T_NCV,O4694,NCV_AVG,HR,: ,: ,31000.000 ,31000.000 ,31000.000 ,31000.000 
A,MJ_T_NCV,O4694,NCV_AVG,HU,: ,: ,: ,35091.000 ,35091.000 ,35091.000 
A,MJ_T_NCV,O4694,NCV_AVG,IE,31630.964 ,31218.005 ,31739.162 ,31900.761 ,32159.253 ,32108.891 
A,MJ_T_NCV,O4694,NCV_AVG,IT,: ,: ,: ,32000.000 ,32000.000 ,32000.000 
A,MJ_T_NCV,O4694,NCV_AVG,LU,: ,: ,: ,: ,0.000 ,32500.000 
A,MJ_T_NCV,O4694,NCV_AVG,LV,32980.000 ,32980.000 ,32980.000 ,32980.000 ,32980.000 ,32980.000 
A,MJ_T_NCV,O4694,NCV_AVG,MD,32162.000 ,32162.000 ,32162.000 ,32162.000 ,32162.000 ,32162.000 
A,MJ_T_NCV,O4694,NCV_AVG,NL,: ,: ,: ,35200.000 ,35200.000 ,35200.000 
A,MJ_T_NCV,O4694,NCV_AVG,NO,35000.000 ,35000.000 ,35000.000 ,35000.000 ,35000.000 ,35000.000 
A,MJ_T_NCV,O4694,NCV_AVG,PL,32000.000 ,32000.000 ,32000.000 ,32000.000 ,32000.000 ,: 
A,MJ_T_NCV,O4694,NCV_AVG,PT,32000.000 ,32000.000 ,32000.000 ,32000.000 ,32000.000 ,32000.000 
A,MJ_T_NCV,O4694,NCV_AVG,RO,: ,: ,: ,34313.766 ,34313.101 ,34312.791 
A,MJ_T_NCV,O4694,NCV_AVG,RS,38000.000 ,38000.000 ,38000.000 ,17407.000 ,32888.000 ,32733.000 
A,MJ_T_NCV,O4694,NCV_AVG,SE,: ,: ,: ,34812.000 ,34812.000 ,34812.000 
A,MJ_T_NCV,O4694,NCV_AVG,SI,: ,: ,33686.000 ,33630.000 ,32890.000 ,32861.000 
A,MJ_T_NCV,O4694,NCV_AVG,SK,: ,: ,: ,34583.000 ,34662.000 ,34438.000 
A,MJ_T_NCV,P1100,NCV_AVG,AL,: ,: ,: ,: ,0.000 ,: 
A,MJ_T_NCV,P1100,NCV_AVG,BG,0.000 ,0.000 ,0.000 ,: ,: ,: 
A,MJ_T_NCV,P1100,NCV_AVG,CZ,0.000 ,0.000 ,0.000 ,0.000 ,: ,: 
A,MJ_T_NCV,P1100,NCV_AVG,EE,: ,: ,: ,: ,: ,10366.829 
A,MJ_T_NCV,P1100,NCV_AVG,FI,: ,: ,: ,10410.000 ,10440.000 ,10320.000 
A,MJ_T_NCV,P1100,NCV_AVG,IE,18550.000 ,18550.000 ,18550.000 ,18550.000 ,18550.000 ,18550.000 
A,MJ_T_NCV,P1100,NCV_AVG,LU,: ,: ,: ,: ,0.000 ,: 
A,MJ_T_NCV,P1100,NCV_AVG,LV,10050.000 ,10050.000 ,10050.000 ,10050.000 ,10050.000 ,13529.000 
A,MJ_T_NCV,P1100,NCV_AVG,PL,9760.000 ,9760.000 ,9760.000 ,9760.000 ,9760.000 ,: 
A,MJ_T_NCV,P1100,NCV_AVG,SE,: ,: ,: ,10800.000 ,10800.000 ,10800.000 
A,MJ_T_NCV,P1100,NCV_AVG,SK,: ,: ,: ,0.000 ,0.000 ,: 
A,MJ_T_NCV,P1200,NCV_AVG,AL,: ,: ,: ,: ,0.000 ,: 
A,MJ_T_NCV,P1200,NCV_AVG,BG,0.000 ,0.000 ,0.000 ,: ,: ,: 
A,MJ_T_NCV,P1200,NCV_AVG,CZ,0.000 ,0.000 ,0.000 ,0.000 ,: ,: 
A,MJ_T_NCV,P1200,NCV_AVG,LT,: ,: ,: ,13300.000 ,13300.000 ,13300.000 
A,MJ_T_NCV,P1200,NCV_AVG,LU,: ,: ,: ,: ,0.000 ,: 
A,MJ_T_NCV,P1200,NCV_AVG,LV,15490.000 ,15490.000 ,15490.000 ,15490.000 ,15490.000 ,15490.000 
A,MJ_T_NCV,P1200,NCV_AVG,PL,16000.000 ,16000.000 ,16000.000 ,16000.000 ,16000.000 ,: 
A,MJ_T_NCV,P1200,NCV_AVG,SK,: ,: ,: ,0.000 ,0.000 ,: 
A,MJ_T_NCV,R5160,NCV_AVG,AL,: ,: ,: ,: ,29600.000 ,: 
A,MJ_T_NCV,R5160,NCV_AVG,BG,0.000 ,0.000 ,0.000 ,: ,: ,: 
A,MJ_T_NCV,R5160,NCV_AVG,CY,: ,: ,: ,29500.000 ,29500.000 ,29500.000 
A,MJ_T_NCV,R5160,NCV_AVG,CZ,0.000 ,0.000 ,0.000 ,0.000 ,: ,: 
A,MJ_T_NCV,R5160,NCV_AVG,DE,: ,: ,: ,32000.000 ,32000.000 ,32000.000 
A,MJ_T_NCV,R5160,NCV_AVG,HR,: ,: ,: ,: ,28000.000 ,28000.000 
A,MJ_T_NCV,R5160,NCV_AVG,IT,: ,: ,: ,30800.000 ,30800.000 ,30800.000 
A,MJ_T_NCV,R5160,NCV_AVG,LU,: ,: ,: ,: ,0.000 ,: 
A,MJ_T_NCV,R5160,NCV_AVG,LV,30000.000 ,30000.000 ,30000.000 ,30000.000 ,30000.000 ,: 
A,MJ_T_NCV,R5160,NCV_AVG,MD,27286.000 ,27286.000 ,27286.000 ,27286.000 ,27286.000 ,: 
A,MJ_T_NCV,R5160,NCV_AVG,NO,29500.000 ,29500.000 ,29500.000 ,29500.000 ,29500.000 ,29500.000 
A,MJ_T_NCV,R5160,NCV_AVG,PL,29500.000 ,29500.000 ,29500.000 ,29500.000 ,29500.000 ,: 
A,MJ_T_NCV,R5160,NCV_AVG,PT,29517.000 ,29517.000 ,29517.000 ,29517.000 ,29517.000 ,29517.000 
A,MJ_T_NCV,R5160,NCV_AVG,RS,30000.000 ,30000.000 ,30000.000 ,30000.000 ,30000.000 ,30000.000 
A,MJ_T_NCV,R5160,NCV_AVG,SK,: ,: ,: ,0.000 ,0.000 ,: 
A,MJ_T_NCV,R5200,NCV_AVG,AL,: ,: ,: ,: ,0.000 ,: 
A,MJ_T_NCV,R5200,NCV_AVG,BE,: ,: ,: ,37700.000 ,37700.000 ,37700.000 
A,MJ_T_NCV,R5200,NCV_AVG,BG,0.000 ,0.000 ,0.000 ,: ,: ,: 
A,MJ_T_NCV,R5200,NCV_AVG,CZ,0.000 ,0.000 ,0.000 ,0.000 ,: ,: 
A,MJ_T_NCV,R5200,NCV_AVG,DE,: ,: ,: ,26541.000 ,28577.000 ,26858.000 
A,MJ_T_NCV,R5200,NCV_AVG,DK,26700.000 ,26700.000 ,26700.000 ,26700.000 ,26700.000 ,26700.000 
A,MJ_T_NCV,R5200,NCV_AVG,ES,: ,: ,: ,: ,: ,37152.000 
A,MJ_T_NCV,R5200,NCV_AVG,FI,: ,: ,: ,44518.000 ,: ,: 
A,MJ_T_NCV,R5200,NCV_AVG,FR,: ,: ,: ,36792.000 ,36792.000 ,36792.000 
A,MJ_T_NCV,R5200,NCV_AVG,HR,: ,: ,: ,: ,26670.000 ,26670.000 
A,MJ_T_NCV,R5200,NCV_AVG,IT,: ,: ,: ,35994.000 ,35994.000 ,35994.000 
A,MJ_T_NCV,R5200,NCV_AVG,LU,: ,: ,: ,: ,0.000 ,: 
A,MJ_T_NCV,R5200,NCV_AVG,LV,26800.000 ,26800.000 ,26800.000 ,26800.000 ,26800.000 ,: 
A,MJ_T_NCV,R5200,NCV_AVG,NL,: ,: ,: ,36000.000 ,36000.000 ,36000.000 
A,MJ_T_NCV,R5200,NCV_AVG,NO,37000.000 ,37000.000 ,37000.000 ,37000.000 ,37000.000 ,37000.000 
A,MJ_T_NCV,R5200,NCV_AVG,PL,27000.000 ,27000.000 ,27000.000 ,27000.000 ,27000.000 ,: 
A,MJ_T_NCV,R5200,NCV_AVG,RO,: ,: ,: ,26800.000 ,26800.000 ,26800.000 
A,MJ_T_NCV,R5200,NCV_AVG,SE,: ,: ,: ,38159.000 ,38159.000 ,38159.000 
A,MJ_T_NCV,R5200,NCV_AVG,SK,: ,: ,: ,0.000 ,0.000 ,: 
A,MJ_T_NCV,R5220,NCV_AVG,AL,: ,: ,: ,: ,37270.000 ,: 
A,MJ_T_NCV,R5220,NCV_AVG,AT,: ,: ,: ,: ,: ,37126.818 
A,MJ_T_NCV,R5220,NCV_AVG,BE,: ,: ,: ,39759.280 ,39738.961 ,39942.134 
A,MJ_T_NCV,R5220,NCV_AVG,BG,0.000 ,0.000 ,0.000 ,: ,: ,: 
A,MJ_T_NCV,R5220,NCV_AVG,CZ,0.000 ,0.000 ,0.000 ,0.000 ,: ,: 
A,MJ_T_NCV,R5220,NCV_AVG,DE,: ,: ,: ,38131.000 ,37955.000 ,37774.000 
A,MJ_T_NCV,R5220,NCV_AVG,DK,37500.000 ,37500.000 ,37500.000 ,37500.000 ,37500.000 ,37500.000 
A,MJ_T_NCV,R5220,NCV_AVG,FR,: ,: ,: ,37769.000 ,37531.000 ,37167.741 
A,MJ_T_NCV,R5220,NCV_AVG,HR,: ,: ,36900.000 ,36900.000 ,36904.000 ,36904.000 
A,MJ_T_NCV,R5220,NCV_AVG,IT,: ,: ,: ,37000.000 ,37000.000 ,37000.000 
A,MJ_T_NCV,R5220,NCV_AVG,LU,: ,: ,: ,: ,0.000 ,: 
A,MJ_T_NCV,R5220,NCV_AVG,LV,37200.000 ,39389.000 ,38601.000 ,38132.000 ,38183.000 ,39131.000 
A,MJ_T_NCV,R5220,NCV_AVG,NO,: ,: ,: ,: ,36800.000 ,: 
A,MJ_T_NCV,R5220,NCV_AVG,PL,37000.000 ,37000.000 ,37000.000 ,37000.000 ,37000.000 ,: 
A,MJ_T_NCV,R5220,NCV_AVG,PT,37000.000 ,37000.000 ,37000.000 ,37000.000 ,37000.000 ,38594.000 
A,MJ_T_NCV,R5220,NCV_AVG,RO,: ,: ,: ,36798.474 ,36798.474 ,36900.949 
A,MJ_T_NCV,R5220,NCV_AVG,RS,: ,: ,: ,: ,37000.000 ,37000.000 
A,MJ_T_NCV,R5220,NCV_AVG,SE,: ,: ,: ,39000.000 ,39000.000 ,39000.000 
A,MJ_T_NCV,R5220,NCV_AVG,SK,: ,: ,: ,0.000 ,0.000 ,: 
A,MJ_T_NCV,S2000,NCV_AVG,AL,: ,: ,: ,: ,0.000 ,: 
A,MJ_T_NCV,S2000,NCV_AVG,BE,: ,: ,: ,9042.000 ,9042.000 ,9042.000 
A,MJ_T_NCV,S2000,NCV_AVG,BG,0.000 ,0.000 ,0.000 ,: ,: ,: 
A,MJ_T_NCV,S2000,NCV_AVG,CZ,0.000 ,0.000 ,0.000 ,0.000 ,: ,: 
A,MJ_T_NCV,S2000,NCV_AVG,EE,9188.757 ,9269.764 ,9123.675 ,9259.118 ,: ,9000.000 
A,MJ_T_NCV,S2000,NCV_AVG,LU,: ,: ,: ,: ,0.000 ,: 
A,MJ_T_NCV,S2000,NCV_AVG,PL,8900.000 ,8900.000 ,8900.000 ,8900.000 ,8900.000 ,: 
A,MJ_T_NCV,S2000,NCV_AVG,SK,: ,: ,: ,0.000 ,0.000 ,: 
